<?xml version="1.0" encoding="UTF-8" ?>
<CigarApp>
	<cigar brand="{Perdomo_Grand_Cru_Cigars}">
		<type>Churchill</type>
		<picture_url>www.apartmentpostcards.com/images/cigar/19.jpg</picture_url>
		<price>$5.99 (Online)</price>
		<boxprice>$101.99 (Online)</boxprice>
		<length>7</length>
		<ring>50</ring>
		<strength>Full</strength>
		<country>Nicaragua</country>
		<wrapper>Maduro</wrapper>
		<origin>Nicaraguan</origin>
		<leaf>Habano</leaf>
		<general_info>Perdomo Grand Cru Churchill Maduro cigars present an extremely well-balanced cigar blended with Nicaraguan Semilla Habano (Cuban-seed) tobaccos. These exquisite 2004-vintage tobaccos have been carefully hand-selected and well-aged as the &apos;Grand Cru,&apos; or the best-of-the-best yield from Perdomo&apos;s farms. Presented in elegant boxes of 20 cigars, the Corojo offers you a rich, earthy full-flavored smoke, the Maduro a hearty, yet sweeter smoke, and the Connecticut, a milder, rich-tasting experience. Another must smoke!</general_info>
		<reviews>
			<link_name>Puff</link_name>
			<link>http://www.puff.com/forums/vb/non-habanos-reviews/250053-perdomo-gran-cru-corojo-churchill.html</link>
			<link_name>Cigar Advisor</link_name>
			<link>http://www.cigaradvisor.com/reviews/cigar-reviews/perdomo-grand-cru-churchill-connecticut</link >
			<link_name>Absolute Cigars</link_name>
			<link>http://www.absolutecigars.com/Davidoff-cigars.html</link>
		</reviews>
	</cigar>







	<cigar brand="{Perdomo_Grand_Cru_Cigars}">
		<type>Churchill Corojo</type>
		<picture_url>www.apartmentpostcards.com/images/cigar/20.jpg</picture_url>
		<price>$5.99 (Online)</price>
		<boxprice>$101.99 (Online)</boxprice>
		<length>7</length>
		<ring>50</ring>
		<strength>Full</strength>
		<country>Nicaragua</country>
		<wrapper>Natural</wrapper>
		<origin>Nicaraguan</origin>
		<leaf>Corojo</leaf>
		<general_info>Perdomo Grand Cru Churchill Maduro cigars present an extremely well-balanced cigar blended with Nicaraguan Semilla Habano (Cuban-seed) tobaccos. These exquisite 2004-vintage tobaccos have been carefully hand-selected and well-aged as the &apos;Grand Cru,&apos; or the best-of-the-best yield from Perdomo&apos;s farms. Presented in elegant boxes of 20 cigars, the Corojo offers you a rich, earthy full-flavored smoke, the Maduro a hearty, yet sweeter smoke, and the Connecticut, a milder, rich-tasting experience. Another must smoke!</general_info>
		<reviews>
			<link_name>Puff</link_name>
			<link>http://www.puff.com/forums/vb/non-habanos-reviews/250053-perdomo-gran-cru-corojo-churchill.html</link>
			<link_name>Cigar Advisor</link_name>
			<link>http://www.cigaradvisor.com/reviews/cigar-reviews/perdomo-grand-cru-churchill-connecticut</link >
			<link_name>Absolute Cigars</link_name>
			<link>http://www.absolutecigars.com/Punch-8-Cigar-Sampler-Including-Rare-Corojo-detail.html</link>
		</reviews>
	</cigar>






	<cigar brand="{Perdomo_Grand_Cru_Cigars}">
		<type>Churchill Connecticut</type>
		<picture_url>www.apartmentpostcards.com/images/cigar/21.jpg</picture_url>
		<price>$5.99 (Online)</price>
		<boxprice>$101.99 (Online)</boxprice>
		<length>7</length>
		<ring>50</ring>
		<strength>Full</strength>
		<country>Nicaragua</country>
		<wrapper>Natural</wrapper>
		<origin>Not Available</origin>
		<leaf>Connecticut</leaf>
		<general_info>Perdomo Grand Cru Churchill Maduro cigars present an extremely well-balanced cigar blended with Nicaraguan Semilla Habano (Cuban-seed) tobaccos. These exquisite 2004-vintage tobaccos have been carefully hand-selected and well-aged as the &apos;Grand Cru,&apos; or the best-of-the-best yield from Perdomo&apos;s farms. Presented in elegant boxes of 20 cigars, the Corojo offers you a rich, earthy full-flavored smoke, the Maduro a hearty, yet sweeter smoke, and the Connecticut, a milder, rich-tasting experience. Another must smoke!</general_info>
		<reviews>
			<link_name>Puff</link_name>
			<link>http://www.puff.com/Content/Additional-Cigar-Reviews/reviews-of-the-oliveros-eight-zero-anniversary-royale-toro-gordo-and-the-perdomo-grand-cru-maduro-robusto.html</link>
			<link_name>Cigar Advisor</link_name>
			<link>http://www.cigaradvisor.com/reviews/cigar-reviews/perdomo-grand-cru-churchill-connecticut</link >
			<link_name>Absolute Cigars</link_name>
			<link>http://www.absolutecigars.com/Punch-8-Cigar-Sampler-Including-Rare-Corojo-detail.html</link>
		</reviews>
	</cigar>





	<cigar brand="{Perdomo_Grand_Cru_Cigars}">
		<type>Double Toro</type>
		<picture_url>www.apartmentpostcards.com/images/cigar/22.jpg</picture_url>
		<price>$6.99 (Online)</price>
		<boxprice>$186.99 (Online)</boxprice>
		<length>6</length>
		<ring>60</ring>
		<strength>Full</strength>
		<country>Nicaragua</country>
		<wrapper>Maduro</wrapper>
		<origin>Nicaraguan</origin>
		<leaf>Habano</leaf>
		<general_info>Perdomo Grand Cru Churchill Maduro cigars present an extremely well-balanced cigar blended with Nicaraguan Semilla Habano (Cuban-seed) tobaccos. These exquisite 2004-vintage tobaccos have been carefully hand-selected and well-aged as the &apos;Grand Cru,&apos; or the best-of-the-best yield from Perdomo&apos;s farms. Presented in elegant boxes of 20 cigars, the Corojo offers you a rich, earthy full-flavored smoke, the Maduro a hearty, yet sweeter smoke, and the Connecticut, a milder, rich-tasting experience. Another must smoke!</general_info>
		<reviews>
			<link_name>Puff</link_name>
			<link>http://www.puff.com/forums/vb/cigar-news-cigar-videos-cigar-reviews-cigar-interviews-etc/270277-additional-cigar-reviews-reviews-oliveros-eight-zero-anniversary-royale-toro-gordo-perdomo-grand-cru-maduro-robusto.html</link>
			<link_name>Stogie Guy</link_name>
			<link>http://www.stogieguys.com/2009/08/08132009-stogie-reviews-perdomo-grand-cru-corojo-toro.html</link >
			<link_name>Cigars Now</link_name>
			<link>http://www.cigars-now.com/cigars/perdomo-grand-cru.html</link>
		</reviews>
	</cigar>




	<cigar brand="{Perdomo_Grand_Cru_Cigars}">
		<type>Robusto</type>
		<picture_url>www.apartmentpostcards.com/images/cigar/23.jpg</picture_url>
		<price>$5.50 (Online)</price>
		<boxprice>$93.99 (Online)</boxprice>
		<length>5</length>
		<ring>50</ring>
		<strength>Full</strength>
		<country>Nicaragua</country>
		<wrapper>Maduro</wrapper>
		<origin>Nicaraguan</origin>
		<leaf>Habano</leaf>
		<general_info>Perdomo Grand Cru Churchill Maduro cigars present an extremely well-balanced cigar blended with Nicaraguan Semilla Habano (Cuban-seed) tobaccos. These exquisite 2004-vintage tobaccos have been carefully hand-selected and well-aged as the &apos;Grand Cru,&apos; or the best-of-the-best yield from Perdomo&apos;s farms. Presented in elegant boxes of 20 cigars, the Corojo offers you a rich, earthy full-flavored smoke, the Maduro a hearty, yet sweeter smoke, and the Connecticut, a milder, rich-tasting experience. Another must smoke!</general_info>
		<reviews>
			<link_name>Puff</link_name>
			<link>http://www.puff.com/Content/Additional-Cigar-Reviews/reviews-of-the-oliveros-eight-zero-anniversary-royale-toro-gordo-and-the-perdomo-grand-cru-maduro-robusto.html</link>
			<link_name>Stogie Guy</link_name>
			<link>http://www.stogieguys.com/2009/08/08132009-stogie-reviews-perdomo-grand-cru-corojo-toro.html</link >
			<link_name>Cigar Advisor</link_name>
			<link>http://www.cigaradvisor.com/reviews/cigar-reviews/perdomo-grand-cru-robusto</link>
		</reviews>
	</cigar>





	<cigar brand="{Perdomo_Grand_Cru_Cigars}">
		<type>Toro</type>
		<picture_url>www.apartmentpostcards.com/images/cigar/24.jpg</picture_url>
		<price>$5.75 (Online)</price>
		<boxprice>$97.99 (Online)</boxprice>
		<length>6</length>
		<ring>50</ring>
		<strength>Full</strength>
		<country>Nicaragua</country>
		<wrapper>Maduro</wrapper>
		<origin>Nicaraguan</origin>
		<leaf>Habano</leaf>
		<general_info>Perdomo Grand Cru Churchill Maduro cigars present an extremely well-balanced cigar blended with Nicaraguan Semilla Habano (Cuban-seed) tobaccos. These exquisite 2004-vintage tobaccos have been carefully hand-selected and well-aged as the &apos;Grand Cru,&apos; or the best-of-the-best yield from Perdomo&apos;s farms. Presented in elegant boxes of 20 cigars, the Corojo offers you a rich, earthy full-flavored smoke, the Maduro a hearty, yet sweeter smoke, and the Connecticut, a milder, rich-tasting experience. Another must smoke!</general_info>
		<reviews>
			<link_name>Puff</link_name>
			<link>http://www.puff.com/Content/Additional-Cigar-Reviews/reviews-of-the-oliveros-eight-zero-anniversary-royale-toro-gordo-and-the-perdomo-grand-cru-maduro-robusto.html</link>
			<link_name>Stogie Guy</link_name>
			<link>http://www.stogieguys.com/2009/08/08132009-stogie-reviews-perdomo-grand-cru-corojo-toro.html</link >
			<link_name>Cigar Advisor</link_name>
			<link>http://www.cigaradvisor.com/reviews/cigar-reviews/perdomo-grand-cru-toro</link>
		</reviews>
	</cigar>



	<cigar brand="{Perdomo_Grand_Cru_Cigars}" cigarbossfavorite="true">
		<type>Torpedo</type>
		<picture_url>www.apartmentpostcards.com/images/cigar/25.jpg</picture_url>
		<price>$6.25 (Online)</price>
		<boxprice>$106.99 (Online)</boxprice>
		<length>6</length>
		<ring>54</ring>
		<strength>Full</strength>
		<country>Nicaragua</country>
		<wrapper>Maduro</wrapper>
		<origin>Nicaraguan</origin>
		<leaf>Habano</leaf>
		<general_info>Perdomo Grand Cru Churchill Maduro cigars present an extremely well-balanced cigar blended with Nicaraguan Semilla Habano (Cuban-seed) tobaccos. These exquisite 2004-vintage tobaccos have been carefully hand-selected and well-aged as the &apos;Grand Cru,&apos; or the best-of-the-best yield from Perdomo&apos;s farms. Presented in elegant boxes of 20 cigars, the Corojo offers you a rich, earthy full-flavored smoke, the Maduro a hearty, yet sweeter smoke, and the Connecticut, a milder, rich-tasting experience. Another must smoke!</general_info>
		<reviews>
			<link_name>Puff</link_name>
			<link>http://www.puff.com/Content/Additional-Cigar-Reviews/reviews-of-the-oliveros-eight-zero-anniversary-royale-toro-gordo-and-the-perdomo-grand-cru-maduro-robusto.html</link>
			<link_name>Cigar Obsession</link_name>
			<link>http://cigarobsession.com/cigar-reviews/perdomo-grand-cru-maduro-torpedo-cigar-review/</link >
			<link_name>Cigar Advisor</link_name>
			<link>http://www.cigaradvisor.com/reviews/cigar-reviews/perdomo-grand-cru-torpedo</link>
		</reviews>
	</cigar>







	<cigar brand="{Perdomo_10th_Anniversary_Criollo}">
		<type>Churchill</type>
		<picture_url>www.apartmentpostcards.com/images/cigar/53.jpg</picture_url>
		<price>$6.75 (Online)</price>
		<boxprice>$151.99 (Online)</boxprice>
		<length>7</length>
		<ring>54</ring>
		<strength>Full</strength>
		<country>Nicaragua</country>
		<wrapper>Natural</wrapper>
		<origin>Nicaraguan</origin>
		<leaf>Criollo</leaf>
		<general_info>Perdomo Reserve 10 Year Anniversary cigars are a decade in the making. The cigars were created to celebrate the next generation of Tabacalera Perdomo&apos;s award winning and highly acclaimed original La Tradicion Perdomo Reserve line. The cigars are made with attractive Cuban-seed Criollo wrappers that impart a symphony of complex flavors including almond, coffee and cocoa with a smooth, silky finish.</general_info>
		<reviews>
			<link_name>The Slow Review</link_name>
			<link>http://www.slowreview.com/index.php?option=com_content&amp;task=view&amp;id=89&amp;Itemid=9</link>
			<link_name>Stogie Review</link_name>
			<link>http://www.stogiereview.com/2009/07/21/perdomo-10th-anniversary-criollo/</link>
			<link_name>Toms Cigars</link_name>
			<link>http://www.tomscigars.com/2009/06/15/perdomo-10th-anniversary-criollo/</link>
		</reviews>
	</cigar>







	<cigar brand="{Perdomo_10th_Anniversary_Criollo}">
		<type>Toro</type>
		<picture_url>www.apartmentpostcards.com/images/cigar/1.jpg</picture_url>
		<price>$6.25 (Online)</price>
		<boxprice>$140.99 (Online)</boxprice>
		<length>6</length>
		<ring>54</ring>
		<strength>Full</strength>
		<country>Nicaragua</country>
		<wrapper>Natural</wrapper>
		<origin>Nicaraguan</origin>
		<leaf>Criollo</leaf>
		<general_info>Perdomo Reserve 10 Year Anniversary cigars are a decade in the making. The cigars were created to celebrate the next generation of Tabacalera Perdomo&apos;s award winning and highly acclaimed original La Tradicion Perdomo Reserve line. The cigars are made with attractive Cuban-seed Nicaraguan Maduro wrappers that impart a symphony of complex flavors including almond, coffee and cocoa with a smooth, silky finish.</general_info>
		<reviews>
			<link_name>Matt’s Cigar Journal</link_name>
			<link>http://mattscigar.com/2010/04/21/perdomo-reserve-criollo-10th-anniversary/</link>
			<link_name>Famous Smoke Shop</link_name>
			<link>http://www.famous-smoke.com/perdomo+10th+anniversary+criollo+epicure+cigar+reviews/28115</link>
			<link_name>Thompson Cigar</link_name>
			<link>http://www.thompsoncigar.com/product/PERDOMO-RESERVE-10TH-ANNIVERSARY-EPICURE-CRIOLLO-TORO/74254.uts</link>
		</reviews>
	</cigar>







	<cigar brand="{Perdomo_10th_Anniversary_Criollo}">
		<type>Figurado</type>
		<picture_url>www.apartmentpostcards.com/images/cigar/2.jpg</picture_url>
		<price>$5.25 (Online)</price>
		<boxprice>$117.99 (Online)</boxprice>
		<length>4 3/4</length>
		<ring>44/56</ring>
		<strength>Full</strength>
		<country>Nicaragua</country>
		<wrapper>Natural</wrapper>
		<origin>Nicaraguan</origin>
		<leaf>Criollo</leaf>
		<general_info>Perdomo Reserve 10 Year Anniversary cigars are a decade in the making. The cigars were created to celebrate the next generation of Tabacalera Perdomo&apos;s award winning and highly acclaimed original La Tradicion Perdomo Reserve line. The cigars are made with attractive Cuban-seed Nicaraguan Maduro wrappers that impart a symphony of complex flavors including almond, coffee and cocoa with a smooth, silky finish</general_info>
		<reviews>
			
			<link_name>Famous Smoke Shop</link_name>
			<link>http://www.famous-smoke.com/perdomo+10th+anniversary+criollo+figurado+cigar+reviews/28119</link>
			
		</reviews>
	</cigar>









	<cigar brand="{Perdomo_10th_Anniversary_Criollo}">
		<type>Robusto</type>
		<picture_url>www.apartmentpostcards.com/images/cigar/3.jpg</picture_url>
		<price>$5.75 (Online)</price>
		<boxprice>$129.99 (Online)</boxprice>
		<length>5</length>
		<ring>54</ring>
		<strength>Full</strength>
		<country>Nicaragua</country>
		<wrapper>Natural</wrapper>
		<origin>Nicaraguan</origin>
		<leaf>Criollo</leaf>
		<general_info>Perdomo Reserve 10 Year Anniversary cigars are a decade in the making. The cigars were created to celebrate the next generation of Tabacalera Perdomo&apos;s award winning and highly acclaimed original La Tradicion Perdomo Reserve line. The cigars are made with attractive Cuban-seed Nicaraguan Maduro wrappers that impart a symphony of complex flavors including almond, coffee and cocoa with a smooth, silky finish.</general_info>
		<reviews>
			
			<link_name>Famous Smoke Shop</link_name>
			<link>http://www.famous-smoke.com/perdomo+10th+anniversary+criollo+robusto+cigar+reviews/28123</link>
	<link_name>Puff</link_name>
			<link>http://www.puff.com/forums/vb/non-habanos-reviews/280236-perdomo-reserve-10th-anniversary-criollo-robusto.html</link>
			<link_name>Cigar Advisor</link_name>
			<link>http://www.cigaradvisor.com/blog/cigars/my-weekend-cigars-nub-maduro-460-a-perdomo-10th-anniv-criollo-robusto</link>
		
		</reviews>
	</cigar>





	<cigar brand="{Perdomo_10th_Anniversary_Criollo}">
		<type>Torpedo</type>
		<picture_url>www.apartmentpostcards.com/images/cigar/4.jpg</picture_url>
		<price>$7.25 (Online)</price>
		<boxprice>$162.99 (Online)</boxprice>
		<length>7</length>
		<ring>54</ring>
		<strength>Full</strength>
		<country>Nicaragua</country>
		<wrapper>Natural</wrapper>
		<origin>Nicaraguan</origin>
		<leaf>Criollo</leaf>
		<general_info>Perdomo Reserve 10 Year Anniversary cigars are a decade in the making. The cigars were created to celebrate the next generation of Tabacalera Perdomo&apos;s award winning and highly acclaimed original La Tradicion Perdomo Reserve line. The cigars are made with attractive Cuban-seed Nicaraguan Maduro wrappers that impart a symphony of complex flavors including almond, coffee and cocoa with a smooth, silky finish</general_info>
		
	</cigar>





	<cigar brand="{Perdomo_10th_Anniversary_Criollo}">
		<type>Churchill</type>
		<picture_url>www.apartmentpostcards.com/images/cigar/53.jpg</picture_url>
		<price>$6.75 (Online)</price>
		<boxprice>$151.99 (Online)</boxprice>
		<length>7</length>
		<ring>54</ring>
		<strength>Full</strength>
		<country>Nicaragua</country>
		<wrapper>Natural</wrapper>
		<origin>Nicaraguan</origin>
		<leaf>Criollo</leaf>
		<general_info>Perdomo Reserve 10 Year Anniversary cigars are a decade in the making. The cigars were created to celebrate the next generation of Tabacalera Perdomo&apos;s award winning and highly acclaimed original La Tradicion Perdomo Reserve line. The cigars are made with attractive Cuban-seed Criollo wrappers that impart a symphony of complex flavors including almond, coffee and cocoa with a smooth, silky finish.</general_info>
		<reviews>
			<link_name>The Slow Review</link_name>
			<link>http://www.slowreview.com/index.php?option=com_content&amp;task=view&amp;id=89&amp;Itemid=9</link>
			<link_name>Stogie Review</link_name>
			<link>http://www.stogiereview.com/2009/07/21/perdomo-10th-anniversary-criollo/</link>
			<link_name>Toms Cigars</link_name>
			<link>http://www.tomscigars.com/2009/06/15/perdomo-10th-anniversary-criollo/</link>
		</reviews>
	</cigar>







	<cigar brand="{Perdomo_10th_Anniversary_Criollo}">
		<type>Toro</type>
		<picture_url>www.apartmentpostcards.com/images/cigar/1.jpg</picture_url>
		<price>$6.25 (Online)</price>
		<boxprice>$140.99 (Online)</boxprice>
		<length>6</length>
		<ring>54</ring>
		<strength>Full</strength>
		<country>Nicaragua</country>
		<wrapper>Natural</wrapper>
		<origin>Nicaraguan</origin>
		<leaf>Criollo</leaf>
		<general_info>Perdomo Reserve 10 Year Anniversary cigars are a decade in the making. The cigars were created to celebrate the next generation of Tabacalera Perdomo&apos;s award winning and highly acclaimed original La Tradicion Perdomo Reserve line. The cigars are made with attractive Cuban-seed Nicaraguan Maduro wrappers that impart a symphony of complex flavors including almond, coffee and cocoa with a smooth, silky finish.</general_info>
		<reviews>
			<link_name>Matt’s Cigar Journal</link_name>
			<link>http://mattscigar.com/2010/04/21/perdomo-reserve-criollo-10th-anniversary/</link>
			<link_name>Famous Smoke Shop</link_name>
			<link>http://www.famous-smoke.com/perdomo+10th+anniversary+criollo+epicure+cigar+reviews/28115</link>
			<link_name>Thompson Cigar</link_name>
			<link>http://www.thompsoncigar.com/product/PERDOMO-RESERVE-10TH-ANNIVERSARY-EPICURE-CRIOLLO-TORO/74254.uts</link>
		</reviews>
	</cigar>







	<cigar brand="{Perdomo_10th_Anniversary_Criollo}">
		<type>Figurado</type>
		<picture_url>www.apartmentpostcards.com/images/cigar/2.jpg</picture_url>
		<price>$5.25 (Online)</price>
		<boxprice>$117.99 (Online)</boxprice>
		<length>4 3/4</length>
		<ring>44/56</ring>
		<strength>Full</strength>
		<country>Nicaragua</country>
		<wrapper>Natural</wrapper>
		<origin>Nicaraguan</origin>
		<leaf>Criollo</leaf>
		<general_info>Perdomo Reserve 10 Year Anniversary cigars are a decade in the making. The cigars were created to celebrate the next generation of Tabacalera Perdomo&apos;s award winning and highly acclaimed original La Tradicion Perdomo Reserve line. The cigars are made with attractive Cuban-seed Nicaraguan Maduro wrappers that impart a symphony of complex flavors including almond, coffee and cocoa with a smooth, silky finish</general_info>
		<reviews>
			
			<link_name>Famous Smoke Shop</link_name>
			<link>http://www.famous-smoke.com/perdomo+10th+anniversary+criollo+figurado+cigar+reviews/28119</link>
			
		</reviews>
	</cigar>









	<cigar brand="{Perdomo_10th_Anniversary_Criollo}">
		<type>Robusto</type>
		<picture_url>www.apartmentpostcards.com/images/cigar/3.jpg</picture_url>
		<price>$5.75 (Online)</price>
		<boxprice>$129.99 (Online)</boxprice>
		<length>5</length>
		<ring>54</ring>
		<strength>Full</strength>
		<country>Nicaragua</country>
		<wrapper>Natural</wrapper>
		<origin>Nicaraguan</origin>
		<leaf>Criollo</leaf>
		<general_info>Perdomo Reserve 10 Year Anniversary cigars are a decade in the making. The cigars were created to celebrate the next generation of Tabacalera Perdomo&apos;s award winning and highly acclaimed original La Tradicion Perdomo Reserve line. The cigars are made with attractive Cuban-seed Nicaraguan Maduro wrappers that impart a symphony of complex flavors including almond, coffee and cocoa with a smooth, silky finish.</general_info>
		<reviews>
			
			<link_name>Famous Smoke Shop</link_name>
			<link>http://www.famous-smoke.com/perdomo+10th+anniversary+criollo+robusto+cigar+reviews/28123</link>
	<link_name>Puff</link_name>
			<link>http://www.puff.com/forums/vb/non-habanos-reviews/280236-perdomo-reserve-10th-anniversary-criollo-robusto.html</link>
			<link_name>Cigar Advisor</link_name>
			<link>http://www.cigaradvisor.com/blog/cigars/my-weekend-cigars-nub-maduro-460-a-perdomo-10th-anniv-criollo-robusto</link>
		
		</reviews>
	</cigar>





	<cigar brand="{Perdomo_10th_Anniversary_Criollo}">
		<type>Torpedo</type>
		<picture_url>www.apartmentpostcards.com/images/cigar/4.jpg</picture_url>
		<price>$7.25 (Online)</price>
		<boxprice>$162.99 (Online)</boxprice>
		<length>7</length>
		<ring>54</ring>
		<strength>Full</strength>
		<country>Nicaragua</country>
		<wrapper>Natural</wrapper>
		<origin>Nicaraguan</origin>
		<leaf>Criollo</leaf>
		<general_info>Perdomo Reserve 10 Year Anniversary cigars are a decade in the making. The cigars were created to celebrate the next generation of Tabacalera Perdomo&apos;s award winning and highly acclaimed original La Tradicion Perdomo Reserve line. The cigars are made with attractive Cuban-seed Nicaraguan Maduro wrappers that impart a symphony of complex flavors including almond, coffee and cocoa with a smooth, silky finish</general_info>
		
	</cigar>




















	<cigar brand="{Perdomo_10th_Anniversary_Criollo}">
		<type>Churchill</type>
		<picture_url>www.apartmentpostcards.com/images/cigar/53.jpg</picture_url>
		<price>$6.75 (Online)</price>
		<boxprice>$151.99 (Online)</boxprice>
		<length>7</length>
		<ring>54</ring>
		<strength>Full</strength>
		<country>Nicaragua</country>
		<wrapper>Natural</wrapper>
		<origin>Nicaraguan</origin>
		<leaf>Criollo</leaf>
		<general_info>Perdomo Reserve 10 Year Anniversary cigars are a decade in the making. The cigars were created to celebrate the next generation of Tabacalera Perdomo&apos;s award winning and highly acclaimed original La Tradicion Perdomo Reserve line. The cigars are made with attractive Cuban-seed Criollo wrappers that impart a symphony of complex flavors including almond, coffee and cocoa with a smooth, silky finish.</general_info>
		<reviews>
			<link_name>The Slow Review</link_name>
			<link>http://www.slowreview.com/index.php?option=com_content&amp;task=view&amp;id=89&amp;Itemid=9</link>
			<link_name>Stogie Review</link_name>
			<link>http://www.stogiereview.com/2009/07/21/perdomo-10th-anniversary-criollo/</link>
			<link_name>Toms Cigars</link_name>
			<link>http://www.tomscigars.com/2009/06/15/perdomo-10th-anniversary-criollo/</link>
		</reviews>
	</cigar>







	<cigar brand="{Perdomo_10th_Anniversary_Criollo}">
		<type>Toro</type>
		<picture_url>www.apartmentpostcards.com/images/cigar/1.jpg</picture_url>
		<price>$6.25 (Online)</price>
		<boxprice>$140.99 (Online)</boxprice>
		<length>6</length>
		<ring>54</ring>
		<strength>Full</strength>
		<country>Nicaragua</country>
		<wrapper>Natural</wrapper>
		<origin>Nicaraguan</origin>
		<leaf>Criollo</leaf>
		<general_info>Perdomo Reserve 10 Year Anniversary cigars are a decade in the making. The cigars were created to celebrate the next generation of Tabacalera Perdomo&apos;s award winning and highly acclaimed original La Tradicion Perdomo Reserve line. The cigars are made with attractive Cuban-seed Nicaraguan Maduro wrappers that impart a symphony of complex flavors including almond, coffee and cocoa with a smooth, silky finish.</general_info>
		<reviews>
			<link_name>Matt’s Cigar Journal</link_name>
			<link>http://mattscigar.com/2010/04/21/perdomo-reserve-criollo-10th-anniversary/</link>
			<link_name>Famous Smoke Shop</link_name>
			<link>http://www.famous-smoke.com/perdomo+10th+anniversary+criollo+epicure+cigar+reviews/28115</link>
			<link_name>Thompson Cigar</link_name>
			<link>http://www.thompsoncigar.com/product/PERDOMO-RESERVE-10TH-ANNIVERSARY-EPICURE-CRIOLLO-TORO/74254.uts</link>
		</reviews>
	</cigar>







	<cigar brand="{Perdomo_10th_Anniversary_Criollo}">
		<type>Figurado</type>
		<picture_url>www.apartmentpostcards.com/images/cigar/2.jpg</picture_url>
		<price>$5.25 (Online)</price>
		<boxprice>$117.99 (Online)</boxprice>
		<length>4 3/4</length>
		<ring>44/56</ring>
		<strength>Full</strength>
		<country>Nicaragua</country>
		<wrapper>Natural</wrapper>
		<origin>Nicaraguan</origin>
		<leaf>Criollo</leaf>
		<general_info>Perdomo Reserve 10 Year Anniversary cigars are a decade in the making. The cigars were created to celebrate the next generation of Tabacalera Perdomo&apos;s award winning and highly acclaimed original La Tradicion Perdomo Reserve line. The cigars are made with attractive Cuban-seed Nicaraguan Maduro wrappers that impart a symphony of complex flavors including almond, coffee and cocoa with a smooth, silky finish</general_info>
		<reviews>
			
			<link_name>Famous Smoke Shop</link_name>
			<link>http://www.famous-smoke.com/perdomo+10th+anniversary+criollo+figurado+cigar+reviews/28119</link>
			
		</reviews>
	</cigar>









	<cigar brand="{Perdomo_10th_Anniversary_Criollo}">
		<type>Robusto</type>
		<picture_url>www.apartmentpostcards.com/images/cigar/3.jpg</picture_url>
		<price>$5.75 (Online)</price>
		<boxprice>$129.99 (Online)</boxprice>
		<length>5</length>
		<ring>54</ring>
		<strength>Full</strength>
		<country>Nicaragua</country>
		<wrapper>Natural</wrapper>
		<origin>Nicaraguan</origin>
		<leaf>Criollo</leaf>
		<general_info>Perdomo Reserve 10 Year Anniversary cigars are a decade in the making. The cigars were created to celebrate the next generation of Tabacalera Perdomo&apos;s award winning and highly acclaimed original La Tradicion Perdomo Reserve line. The cigars are made with attractive Cuban-seed Nicaraguan Maduro wrappers that impart a symphony of complex flavors including almond, coffee and cocoa with a smooth, silky finish.</general_info>
		<reviews>
			
			<link_name>Famous Smoke Shop</link_name>
			<link>http://www.famous-smoke.com/perdomo+10th+anniversary+criollo+robusto+cigar+reviews/28123</link>
	<link_name>Puff</link_name>
			<link>http://www.puff.com/forums/vb/non-habanos-reviews/280236-perdomo-reserve-10th-anniversary-criollo-robusto.html</link>
			<link_name>Cigar Advisor</link_name>
			<link>http://www.cigaradvisor.com/blog/cigars/my-weekend-cigars-nub-maduro-460-a-perdomo-10th-anniv-criollo-robusto</link>
		
		</reviews>
	</cigar>





	<cigar brand="{Perdomo_10th_Anniversary_Criollo}">
		<type>Torpedo</type>
		<picture_url>www.apartmentpostcards.com/images/cigar/4.jpg</picture_url>
		<price>$7.25 (Online)</price>
		<boxprice>$162.99 (Online)</boxprice>
		<length>7</length>
		<ring>54</ring>
		<strength>Full</strength>
		<country>Nicaragua</country>
		<wrapper>Natural</wrapper>
		<origin>Nicaraguan</origin>
		<leaf>Criollo</leaf>
		<general_info>Perdomo Reserve 10 Year Anniversary cigars are a decade in the making. The cigars were created to celebrate the next generation of Tabacalera Perdomo&apos;s award winning and highly acclaimed original La Tradicion Perdomo Reserve line. The cigars are made with attractive Cuban-seed Nicaraguan Maduro wrappers that impart a symphony of complex flavors including almond, coffee and cocoa with a smooth, silky finish</general_info>
		
	</cigar>




















	<cigar brand="{Perdomo_10th_Anniversary_Criollo}">
		<type>Churchill</type>
		<picture_url>www.apartmentpostcards.com/images/cigar/53.jpg</picture_url>
		<price>$6.75 (Online)</price>
		<boxprice>$151.99 (Online)</boxprice>
		<length>7</length>
		<ring>54</ring>
		<strength>Full</strength>
		<country>Nicaragua</country>
		<wrapper>Natural</wrapper>
		<origin>Nicaraguan</origin>
		<leaf>Criollo</leaf>
		<general_info>Perdomo Reserve 10 Year Anniversary cigars are a decade in the making. The cigars were created to celebrate the next generation of Tabacalera Perdomo&apos;s award winning and highly acclaimed original La Tradicion Perdomo Reserve line. The cigars are made with attractive Cuban-seed Criollo wrappers that impart a symphony of complex flavors including almond, coffee and cocoa with a smooth, silky finish.</general_info>
		<reviews>
			<link_name>The Slow Review</link_name>
			<link>http://www.slowreview.com/index.php?option=com_content&amp;task=view&amp;id=89&amp;Itemid=9</link>
			<link_name>Stogie Review</link_name>
			<link>http://www.stogiereview.com/2009/07/21/perdomo-10th-anniversary-criollo/</link>
			<link_name>Toms Cigars</link_name>
			<link>http://www.tomscigars.com/2009/06/15/perdomo-10th-anniversary-criollo/</link>
		</reviews>
	</cigar>







	<cigar brand="{Perdomo_10th_Anniversary_Criollo}">
		<type>Toro</type>
		<picture_url>www.apartmentpostcards.com/images/cigar/1.jpg</picture_url>
		<price>$6.25 (Online)</price>
		<boxprice>$140.99 (Online)</boxprice>
		<length>6</length>
		<ring>54</ring>
		<strength>Full</strength>
		<country>Nicaragua</country>
		<wrapper>Natural</wrapper>
		<origin>Nicaraguan</origin>
		<leaf>Criollo</leaf>
		<general_info>Perdomo Reserve 10 Year Anniversary cigars are a decade in the making. The cigars were created to celebrate the next generation of Tabacalera Perdomo&apos;s award winning and highly acclaimed original La Tradicion Perdomo Reserve line. The cigars are made with attractive Cuban-seed Nicaraguan Maduro wrappers that impart a symphony of complex flavors including almond, coffee and cocoa with a smooth, silky finish.</general_info>
		<reviews>
			<link_name>Matt’s Cigar Journal</link_name>
			<link>http://mattscigar.com/2010/04/21/perdomo-reserve-criollo-10th-anniversary/</link>
			<link_name>Famous Smoke Shop</link_name>
			<link>http://www.famous-smoke.com/perdomo+10th+anniversary+criollo+epicure+cigar+reviews/28115</link>
			<link_name>Thompson Cigar</link_name>
			<link>http://www.thompsoncigar.com/product/PERDOMO-RESERVE-10TH-ANNIVERSARY-EPICURE-CRIOLLO-TORO/74254.uts</link>
		</reviews>
	</cigar>







	<cigar brand="{Perdomo_10th_Anniversary_Criollo}">
		<type>Figurado</type>
		<picture_url>www.apartmentpostcards.com/images/cigar/2.jpg</picture_url>
		<price>$5.25 (Online)</price>
		<boxprice>$117.99 (Online)</boxprice>
		<length>4 3/4</length>
		<ring>44/56</ring>
		<strength>Full</strength>
		<country>Nicaragua</country>
		<wrapper>Natural</wrapper>
		<origin>Nicaraguan</origin>
		<leaf>Criollo</leaf>
		<general_info>Perdomo Reserve 10 Year Anniversary cigars are a decade in the making. The cigars were created to celebrate the next generation of Tabacalera Perdomo&apos;s award winning and highly acclaimed original La Tradicion Perdomo Reserve line. The cigars are made with attractive Cuban-seed Nicaraguan Maduro wrappers that impart a symphony of complex flavors including almond, coffee and cocoa with a smooth, silky finish</general_info>
		<reviews>
			
			<link_name>Famous Smoke Shop</link_name>
			<link>http://www.famous-smoke.com/perdomo+10th+anniversary+criollo+figurado+cigar+reviews/28119</link>
			
		</reviews>
	</cigar>









	<cigar brand="{Perdomo_10th_Anniversary_Criollo}">
		<type>Robusto</type>
		<picture_url>www.apartmentpostcards.com/images/cigar/3.jpg</picture_url>
		<price>$5.75 (Online)</price>
		<boxprice>$129.99 (Online)</boxprice>
		<length>5</length>
		<ring>54</ring>
		<strength>Full</strength>
		<country>Nicaragua</country>
		<wrapper>Natural</wrapper>
		<origin>Nicaraguan</origin>
		<leaf>Criollo</leaf>
		<general_info>Perdomo Reserve 10 Year Anniversary cigars are a decade in the making. The cigars were created to celebrate the next generation of Tabacalera Perdomo&apos;s award winning and highly acclaimed original La Tradicion Perdomo Reserve line. The cigars are made with attractive Cuban-seed Nicaraguan Maduro wrappers that impart a symphony of complex flavors including almond, coffee and cocoa with a smooth, silky finish.</general_info>
		<reviews>
			
			<link_name>Famous Smoke Shop</link_name>
			<link>http://www.famous-smoke.com/perdomo+10th+anniversary+criollo+robusto+cigar+reviews/28123</link>
	<link_name>Puff</link_name>
			<link>http://www.puff.com/forums/vb/non-habanos-reviews/280236-perdomo-reserve-10th-anniversary-criollo-robusto.html</link>
			<link_name>Cigar Advisor</link_name>
			<link>http://www.cigaradvisor.com/blog/cigars/my-weekend-cigars-nub-maduro-460-a-perdomo-10th-anniv-criollo-robusto</link>
		
		</reviews>
	</cigar>





	<cigar brand="{Perdomo_10th_Anniversary_Criollo}">
		<type>Torpedo</type>
		<picture_url>www.apartmentpostcards.com/images/cigar/4.jpg</picture_url>
		<price>$7.25 (Online)</price>
		<boxprice>$162.99 (Online)</boxprice>
		<length>7</length>
		<ring>54</ring>
		<strength>Full</strength>
		<country>Nicaragua</country>
		<wrapper>Natural</wrapper>
		<origin>Nicaraguan</origin>
		<leaf>Criollo</leaf>
		<general_info>Perdomo Reserve 10 Year Anniversary cigars are a decade in the making. The cigars were created to celebrate the next generation of Tabacalera Perdomo&apos;s award winning and highly acclaimed original La Tradicion Perdomo Reserve line. The cigars are made with attractive Cuban-seed Nicaraguan Maduro wrappers that impart a symphony of complex flavors including almond, coffee and cocoa with a smooth, silky finish</general_info>
		
	</cigar>




















	<cigar brand="{Perdomo_10th_Anniversary_Criollo}">
		<type>Churchill</type>
		<picture_url>www.apartmentpostcards.com/images/cigar/53.jpg</picture_url>
		<price>$6.75 (Online)</price>
		<boxprice>$151.99 (Online)</boxprice>
		<length>7</length>
		<ring>54</ring>
		<strength>Full</strength>
		<country>Nicaragua</country>
		<wrapper>Natural</wrapper>
		<origin>Nicaraguan</origin>
		<leaf>Criollo</leaf>
		<general_info>Perdomo Reserve 10 Year Anniversary cigars are a decade in the making. The cigars were created to celebrate the next generation of Tabacalera Perdomo&apos;s award winning and highly acclaimed original La Tradicion Perdomo Reserve line. The cigars are made with attractive Cuban-seed Criollo wrappers that impart a symphony of complex flavors including almond, coffee and cocoa with a smooth, silky finish.</general_info>
		<reviews>
			<link_name>The Slow Review</link_name>
			<link>http://www.slowreview.com/index.php?option=com_content&amp;task=view&amp;id=89&amp;Itemid=9</link>
			<link_name>Stogie Review</link_name>
			<link>http://www.stogiereview.com/2009/07/21/perdomo-10th-anniversary-criollo/</link>
			<link_name>Toms Cigars</link_name>
			<link>http://www.tomscigars.com/2009/06/15/perdomo-10th-anniversary-criollo/</link>
		</reviews>
	</cigar>







	<cigar brand="{Perdomo_10th_Anniversary_Criollo}">
		<type>Toro</type>
		<picture_url>www.apartmentpostcards.com/images/cigar/1.jpg</picture_url>
		<price>$6.25 (Online)</price>
		<boxprice>$140.99 (Online)</boxprice>
		<length>6</length>
		<ring>54</ring>
		<strength>Full</strength>
		<country>Nicaragua</country>
		<wrapper>Natural</wrapper>
		<origin>Nicaraguan</origin>
		<leaf>Criollo</leaf>
		<general_info>Perdomo Reserve 10 Year Anniversary cigars are a decade in the making. The cigars were created to celebrate the next generation of Tabacalera Perdomo&apos;s award winning and highly acclaimed original La Tradicion Perdomo Reserve line. The cigars are made with attractive Cuban-seed Nicaraguan Maduro wrappers that impart a symphony of complex flavors including almond, coffee and cocoa with a smooth, silky finish.</general_info>
		<reviews>
			<link_name>Matt’s Cigar Journal</link_name>
			<link>http://mattscigar.com/2010/04/21/perdomo-reserve-criollo-10th-anniversary/</link>
			<link_name>Famous Smoke Shop</link_name>
			<link>http://www.famous-smoke.com/perdomo+10th+anniversary+criollo+epicure+cigar+reviews/28115</link>
			<link_name>Thompson Cigar</link_name>
			<link>http://www.thompsoncigar.com/product/PERDOMO-RESERVE-10TH-ANNIVERSARY-EPICURE-CRIOLLO-TORO/74254.uts</link>
		</reviews>
	</cigar>







	<cigar brand="{Perdomo_10th_Anniversary_Criollo}">
		<type>Figurado</type>
		<picture_url>www.apartmentpostcards.com/images/cigar/2.jpg</picture_url>
		<price>$5.25 (Online)</price>
		<boxprice>$117.99 (Online)</boxprice>
		<length>4 3/4</length>
		<ring>44/56</ring>
		<strength>Full</strength>
		<country>Nicaragua</country>
		<wrapper>Natural</wrapper>
		<origin>Nicaraguan</origin>
		<leaf>Criollo</leaf>
		<general_info>Perdomo Reserve 10 Year Anniversary cigars are a decade in the making. The cigars were created to celebrate the next generation of Tabacalera Perdomo&apos;s award winning and highly acclaimed original La Tradicion Perdomo Reserve line. The cigars are made with attractive Cuban-seed Nicaraguan Maduro wrappers that impart a symphony of complex flavors including almond, coffee and cocoa with a smooth, silky finish</general_info>
		<reviews>
			
			<link_name>Famous Smoke Shop</link_name>
			<link>http://www.famous-smoke.com/perdomo+10th+anniversary+criollo+figurado+cigar+reviews/28119</link>
			
		</reviews>
	</cigar>









	<cigar brand="{Perdomo_10th_Anniversary_Criollo}">
		<type>Robusto</type>
		<picture_url>www.apartmentpostcards.com/images/cigar/3.jpg</picture_url>
		<price>$5.75 (Online)</price>
		<boxprice>$129.99 (Online)</boxprice>
		<length>5</length>
		<ring>54</ring>
		<strength>Full</strength>
		<country>Nicaragua</country>
		<wrapper>Natural</wrapper>
		<origin>Nicaraguan</origin>
		<leaf>Criollo</leaf>
		<general_info>Perdomo Reserve 10 Year Anniversary cigars are a decade in the making. The cigars were created to celebrate the next generation of Tabacalera Perdomo&apos;s award winning and highly acclaimed original La Tradicion Perdomo Reserve line. The cigars are made with attractive Cuban-seed Nicaraguan Maduro wrappers that impart a symphony of complex flavors including almond, coffee and cocoa with a smooth, silky finish.</general_info>
		<reviews>
			
			<link_name>Famous Smoke Shop</link_name>
			<link>http://www.famous-smoke.com/perdomo+10th+anniversary+criollo+robusto+cigar+reviews/28123</link>
	<link_name>Puff</link_name>
			<link>http://www.puff.com/forums/vb/non-habanos-reviews/280236-perdomo-reserve-10th-anniversary-criollo-robusto.html</link>
			<link_name>Cigar Advisor</link_name>
			<link>http://www.cigaradvisor.com/blog/cigars/my-weekend-cigars-nub-maduro-460-a-perdomo-10th-anniv-criollo-robusto</link>
		
		</reviews>
	</cigar>





	<cigar brand="{Perdomo_10th_Anniversary_Criollo}">
		<type>Torpedo</type>
		<picture_url>www.apartmentpostcards.com/images/cigar/4.jpg</picture_url>
		<price>$7.25 (Online)</price>
		<boxprice>$162.99 (Online)</boxprice>
		<length>7</length>
		<ring>54</ring>
		<strength>Full</strength>
		<country>Nicaragua</country>
		<wrapper>Natural</wrapper>
		<origin>Nicaraguan</origin>
		<leaf>Criollo</leaf>
		<general_info>Perdomo Reserve 10 Year Anniversary cigars are a decade in the making. The cigars were created to celebrate the next generation of Tabacalera Perdomo&apos;s award winning and highly acclaimed original La Tradicion Perdomo Reserve line. The cigars are made with attractive Cuban-seed Nicaraguan Maduro wrappers that impart a symphony of complex flavors including almond, coffee and cocoa with a smooth, silky finish</general_info>
		
	</cigar>
</CigarApp>