,,,available,enabled,Total: 176
1,Dental anatomy and Occlusion,multiple-choice,1,1,119
1.1,"General Structure, Naming and Tooth Morphology",multiple-choice,1,1,107
1.2,"Pulp, Roots and Periodontium",multiple-choice,1,0,3
1.3,Primary Teeth Morphology,multiple-choice,1,0,3
1.4,Dental Pathology,multiple-choice,1,0,3
1.5,Occlusion,multiple-choice,1,0,3
,,,,,
2,Anatomy & Histology,multiple-choice,1,0,18
2.1,Nervous System,multiple-choice,1,0,3
2.2,Muscles and Tendons,multiple-choice,1,0,3
2.3,Circulatory System,multiple-choice,1,0,3
2.4,"Bones, Joints, and Cavities",multiple-choice,1,0,3
2.5,Oral Histology,multiple-choice,1,0,3
2.6,General Histology,multiple-choice,1,0,3
,,,,,
3,Pathology and Microbiology,multiple-choice,1,0,18
3.1,General Microbiology,multiple-choice,1,0,3
3.2,"Oral conditions: Microbial flora, plaque, etc",multiple-choice,1,0,3
3.3,Diseases,multiple-choice,1,0,3
3.4,Immunology,multiple-choice,1,0,3
3.5,Systemic Pathology and Treatment,multiple-choice,1,0,3
3.6,Neoplasms,multiple-choice,1,0,3
,,,,,
4,Physiology and Biochemistry,multiple-choice,1,0,18
4.1,Biological compounds,multiple-choice,1,0,3
4.2,Metabolism,multiple-choice,1,0,3
4.3,Cellular Physiology & Biochemistry,multiple-choice,1,0,3
4.4,Neuromuscular,multiple-choice,1,0,3
4.5,Organ Systems,multiple-choice,1,0,3
4.6,Head & Neck,multiple-choice,1,0,3
,,,,,
,Terminology,terminology,1,0,182
101,Prefixes/suffixes,terminology,1,0,78
102,Important words,terminology,1,0,104
,,,,,
,,,,,
6,Growth and Development,multiple-choice,1,0,3
6.1,"Growth, eruption, calcification",multiple-choice,1,0,3
,,,,,
,Quiz,,,,
201,Dental Anatomy and Occlusion,quiz,1,1,55
201.1,Dental Anatomy/Occlusion 15 Question Quiz,quiz,1,1,15
201.2,Dental Anatomy/Occlusion 20 Question Quiz,quiz,0,0,20
201.3,Dental Anatomy/Occlusion 20 Question Quiz,quiz,0,0,20
202,Anatomy and Histology ,quiz,0,0,45
202.1,Anatomy and Histology 10 Question Quiz,quiz,0,0,10
202.2,Anatomy and Histology 15 Question Quiz,quiz,0,0,15
202.3,Anatomy and Histology 20 Question Quiz,quiz,0,0,20
203,Microbiology and Pathology,quiz,0,0,40
203.1,Microbiology and Pathology 10 Question Quiz,quiz,0,0,10
203.2,Microbiology and Pathology 15 Question Quiz,quiz,0,0,15
203.3,Microbiology and Pathology 15 Question Quiz,quiz,0,0,15
204,Biochemistry and Physiology ,quiz,0,0,40
204.1,Biochemistry and Physiology 10 Question Quiz,quiz,0,0,10
204.2,Biochemistry and Physiology 15 Question Quiz,quiz,0,0,15
204.3,Biochemistry and Physiology 15 Question Quiz,quiz,0,0,15
205,All subjects,quiz,0,0,75
205.1,All Subjects 25 Question Quiz,quiz,0,0,25
205.2,All Subjects 25 Question Quiz,quiz,0,0,25
205.3,All Subjects 25 Question Quiz,quiz,0,0,25