,,,available,enabled,# questions in category,I want,,
1,Dental anatomy and Occlusion,multiple-choice,1,1,250,,,
1.1,"General Structure, Naming and Tooth Morphology",multiple-choice,1,1,107,,,
1.2,"Pulp, Roots and Periodontium",multiple-choice,1,1,35,,,
1.3,Primary Teeth Morphology,multiple-choice,1,1,13,30,,
1.4,Dental Pathology,multiple-choice,1,1,63,,,
1.5,Occlusion,multiple-choice,1,1,32,,,
,,,,,,,,
2,Anatomy & Histology,multiple-choice,1,1,213,,,
2.1,Nervous System,multiple-choice,1,1,67,,,
2.2,Muscles and Tendons,multiple-choice,1,1,31,,,
2.3,Circulatory System,multiple-choice,1,1,25,35,add some systemic anatomy,
2.4,"Bones, Joints, and Cavities",multiple-choice,1,1,46,,,
2.5,Oral Histology,multiple-choice,1,1,22,25,,
2.6,General Histology,multiple-choice,1,1,22,25,,
,,,,,,,,
3,Pathology and Microbiology,multiple-choice,1,1,219,,,
3.1,General Microbiology,multiple-choice,1,1,25,,,
3.2,"Oral conditions: Microbial flora, plaque, etc",multiple-choice,1,1,22,,,
3.3,Diseases,multiple-choice,1,1,75,,,
3.4,Immunology,multiple-choice,1,1,53,,,
3.5,Systemic Pathology and Treatment,multiple-choice,1,1,27,,,
3.6,Neoplasms,multiple-choice,1,1,17,25,,
,,,,,,,,
4,Physiology and Biochemistry,multiple-choice,1,1,158,,,
4.1,Biological compounds,multiple-choice,1,1,17,35,,"check old copy. were there really just 9 in this category before?
Alec--No there was about 40. However some fell into metabolism and some went into the quizzes"
4.2,Metabolism,multiple-choice,1,1,22,,,
4.3,Cellular Physiology & Biochemistry,multiple-choice,1,1,21,,,
4.4,Neuromuscular,multiple-choice,1,1,28,,,
4.5,Organ Systems,multiple-choice,1,1,56,,,
4.6,Head & Neck,multiple-choice,1,1,15,20,,
,,,,,,,,
,Terminology,terminology,1,1,182,,,
101,Prefixes/suffixes,terminology,1,1,78,,,
102,Important words,terminology,1,1,104,,,
,,,,,,,,
,,,,,,,,
6,Growth and Development,multiple-choice,1,1,121,,,
6.1,"Growth, eruption, calcification",multiple-choice,1,1,121,,,
,,,,,,,,
,Quiz,,,,,,,
201,Dental Anatomy and Occlusion,quiz,1,1,55,,,
201.1,Dental Anatomy/Occlusion 15 Question Quiz,quiz,1,1,15,,,
201.2,Dental Anatomy/Occlusion 20 Question Quiz,quiz,1,1,20,,,
201.3,Dental Anatomy/Occlusion 20 Question Quiz,quiz,1,1,20,,,
202,Anatomy and Histology ,quiz,1,1,45,,,
202.1,Anatomy and Histology 10 Question Quiz,quiz,1,1,10,,,
202.2,Anatomy and Histology 15 Question Quiz,quiz,1,1,15,,,
202.3,Anatomy and Histology 20 Question Quiz,quiz,1,1,20,,,
203,Microbiology and Pathology,quiz,1,1,40,,,
203.1,Microbiology and Pathology 10 Question Quiz,quiz,1,1,10,,,
203.2,Microbiology and Pathology 15 Question Quiz,quiz,1,1,15,,,
203.3,Microbiology and Pathology 15 Question Quiz,quiz,1,1,15,,,
204,Biochemistry and Physiology ,quiz,1,1,40,,,
204.1,Biochemistry and Physiology 10 Question Quiz,quiz,1,1,10,,,
204.2,Biochemistry and Physiology 15 Question Quiz,quiz,1,1,15,,,
204.3,Biochemistry and Physiology 15 Question Quiz,quiz,1,1,15,,,
205,All subjects,quiz,1,1,75,,,
205.1,All Subjects 25 Question Quiz,quiz,1,1,25,,,
205.2,All Subjects 25 Question Quiz,quiz,1,1,25,,,
205.3,All Subjects 25 Question Quiz,quiz,1,1,25,,,