1,max artery 1.gif,
2,cavernous sinus 2.gif,
3,V desmosome skin 3.gif,
4,VII branches 4.gif,
5,skull foramen 5.gif,
6,Trigeminal overview 6.png,
7,olfactory nerve distribution 7.png,
8,Eye muscles 8.png,
9,optic nerve 9.gif,
10,trochlear nerve  10.png,
11,muscles of tongue 11.png,
12,thalmic nuclei 12.png,
13,types of epithelium 13.jpg,
14,cerebrospinalfluidflow 14.jpg,
15,Tentorium cerebelli 15.jpeg,
16,Infrahyoid muscles innervation 16.png,
17,Sphenoid 17.jpg,
18,Digestive Tract Large intestine 18.jpg,
19,Oxygen dissociation curve 19.jpg,
20,3D Influenza Virus 20.jpg,
21,Action Potential 21.jpg,
22,Action Potential Propagation Animation 22.gif,
23,AIDS Symptoms 23.png,
24,Anatomical sections 24.jpg,
25,Anemia Symptoms 25.jpg,
26,Aorta 26.png,
27,Arm- Arteries 27.jpg,
28,Arm Muscles- Deep 28.jpg,
29,Arm Muscules superficial 29.jpg,
30,Arm- Nerves 30.jpg,
31,Artery Anatomy 31.png,
32,Back Muscles 32.jpg,
33,Back of Arm 33.jpg,
34,Bacterial Anatomy 34.jpg,
35,Bacterial Morphology 35.jpg,
36,Brachail Plexus Division 36.jpg,
37,Brachial Plexus- Colored 37.jpg,
38,Bronchial Anatomy 38.jpg,
39,Carotid Branches 39.png,
40,Cavernous Sinus 40.jpg,
41,CellMembrane 41.jpg,
42,Cranial Nerves 42.png,
43,Diabetes Symptoms 43.png,
44,Digestive Tract 44.jpg,
45,Digestive Tract Small intestine 45.jpg,
46,Cell Signaling 46.jpg,
47,Endocrine System 47.jpg,
48,Cushings Syndrome 48.jpg,
49,eye diagram 49.jpg,
50,Eye Anatomy - Lateral Orbit 50.jpg,
51,Face Anatomy Superficial 51.jpg,
52,Facial Nerve Branches 52.jpg,
53,Female Reproductive System 53.jpg,
54,Foramens of Anterior Skull 54.jpg,
55,Foramens 55.jpg,
56,Glycolysis 56.jpg,
57,Gram Cell Wall 57.jpg,
58,Gross Kidney 58.jpg,
59,Hard Palate 59.jpg,
60,Incisor Anatomy 60.jpg,
61,Inner ear Anatomy 61.jpg,
62,Kidney Nephron Transport Diagram 62.png,
63,LarynxTrachea Bronchi 63.png,
64,Lipopolysaccharide 64.jpg,
65,Ludwigs angina 65.jpg,
66,Malaria Symptoms 66.png,
67,Mandible 67.jpg,
68,Meninges 68.jpg,
69,Modiolus 69.jpg,
70,Muscle Anatomy 70.jpg,
71,Nerve Conduction 71.jpg,
72,Neuron 72.jpg,
73,Occlusion 73.jpg,
74,Olfactory Nerve 74.jpg,
75,Opthalmic V1 75.jpg,
76,Pentose Phosphate Pathway 76.jpg,
77,pharyngeal Arch 77.jpg,
78,pharyngeal Arch CN 78.jpg,
79,pharyngeal Arches 79.jpg,
80,Pharyngeal pouches and grooves 80.jpg,
81,Physiology of A Nephron 81.jpg,
82,RAAS 82.jpg,
83,Rotator Cuff 83.jpg,
84,salivary glands 84.jpg,
85,Sarcomere 85.jpg,
86,Filaments 86.jpg,
87,Sensory Cervical 87.jpg,
88,Smooth Muscle Contraction 88.jpg,
89,Stomach anatomy 89.jpg,
90,Synapse 90.jpg,
91,Mandibular V3 Schematic 91.jpg,
92,Neuromuscular Junction 92.jpg,
93,TMJ 93.png,
94,TMJ rotation 94.png,
95,Tongue muscles 95.jpg,
96,middle meningeal 96.jpg,
97,veins in neck 97.jpg,
98,Circle of Willis 98.jpg,
99,capillary 99-38.jpg,
100,TCA Cycle 100.jpg,
101,Linguogingival Fissure 101.jpg,
102,mamelons 102.jpg,
103,,
104,,
105,Fossae and Triangular Ridge 105.jpg,
106,Grooves 106.jpg,
107,Molar Anatomy 107.jpg,
108,MX molar Cusps 108.jpg,
109,Ridge Anatomy 109.jpg,
110,Triangular Fossae 110.jpg,
111,Tooth Thirds 111.jpg,
112,occlusal embrasure 112.jpg,
113,Linepointangle 113.jpg,
114,Maxillary occlusal 114.jpg,
115,Mandibular Arch 115.jpg,
116,First Md Molar 116.jpg,
117,Mandibular 1st Premolar 117.jpg,
118,Mandibular 2nd Premolar 118.jpg,
119,Maxillary 1st Premolar 119.jpg,
120,Maxillary 2nd Premolar 120.jpg,
121,2.jpg,
122,3.jpg,
123,3-2.jpg,
124,3-CARABELLI.jpg,
125,3-O.jpg,
126,4.jpg,
127,4L.jpg,
128,4M.jpg,
129,5.jpg,
130,5-2.jpg,
131,5M.jpg,
132,6.jpg,
133,6-2.jpg,
134,6L.jpg,
135,8.jpg,
136,8M.jpg,
137,10.jpg,
138,10L.jpg,
139,14.jpg,
140,15.jpg,
141,19.jpg,
142,19D.jpg,
143,19GIF.gif,
144,19M.jpg,
145,25.jpg,
146,25-2.jpg,
147,26.jpg,
148,26-2.jpg,
149,27.jpg,
150,27-2.jpg,
151,27L.jpg,
152,28.jpg,
153,28M.jpg,
154,29.jpg,
155,30.jpg ,
156,30-2.jpg,
157,Premolars.jpg,
158,31.jpg,
159,28L.jpg,
160,A.jpg,
161,B.jpg,
162,C.jpg,
163,D.jpg,
164,E.jpg,
165,MB.jpg,
166,md.jpg,
167,ML.jpg,
168,MM.jpg,
169,N.jpg,
170,O.jpg,
171,P.jpg,
172,Q.jpg,
173,Q-1.jpg,
174,S.jpg,
175,T.jpg,
176,DensinDente 176.jpg,
177,Maxillary Anterior Occlusal 177.jpg,
178,Maxillary Occlusal Contacts 178.jpg,
179,Xray.jpg,
180,Hypercementosis.jpg,
181,Tooth Fusion.jpg,
182,Gemnation.jpg,
183,Fluorosis.jpg,
184,Hutchinsons.jpg,
185,Maxillary Nerve.png,
186,Long Thoracic.jpg,
187,Auriculotemporal.jpg,
188,Mammelon.jpg,
189,Cervical Line.jpg,
190,Opthalmic V1 190.jpg,
191,Superior Orbital Fissure.jpg,
192,Ovale and Rotundum.jpg,
193,Orbicularis Occuli.jpg,
194,Hypoglossal Canal.jpg,
195,Sphenoid.jpg,
196,Facial nerve.jpg,
197,Vagus.jpg,
198,Ansa Cervicalis.jpg,
199,Tensor veli.png,
200,V desmosome skin 200.jpg,
201,EAM 201.jpg,
202,Eye Orbit Anatomy.jpg,
203,Mylohyoid.jpg,
204,Homunculus.jpg,
205,Posterior Triangle.jpg,
206,Palatine Tonsils.jpg,
207,Lateral Pterygoid.jpg,
208,Tongue Arteries.png,
209,Heart.png,
210,Brachiocephalic.png,
211,lambda.png,
212,Cervical Vertebrae.jpg,
213,Orbital Bones.jpg,
214,Semilunaris.jpg,
215,Interventricular.jpg,
216,Sublingual.jpg,
